country,year,gdp,population,ruleoflaw,litigation,fillingdate,ghg
SVK,1990,,5299187,,0,0.0,66989999.9999999
SVK,1991,,5303294,,0,0.0,58950000.0
SVK,1992,11695.347940042531,5305016,,0,0.0,56400000.0
SVK,1993,11872.309342835904,5325305,,0,0.0,53710000.0
SVK,1994,12559.460202568,5346331,,0,0.0,51000000.0
SVK,1995,13254.527838823744,5361999,,0,0.0,51580000.0
SVK,1996,14102.08174724596,5373361,57.28643,0,0.0,51630000.0
SVK,1997,14910.194168573404,5383291,,0,0.0,51430000.0
SVK,1998,15497.14935125498,5390516,59.5,0,0.0,50250000.0
SVK,1999,15464.944666108891,5396020,,0,0.0,48790000.0
SVK,2000,15666.54220694468,5388720,63.36634,0,0.0,46200000.0
SVK,2001,16205.929446486562,5378867,,0,0.0,46830000.0
SVK,2002,16942.88458520507,5376912,60.89109,0,0.0,46270000.0
SVK,2003,17886.357239849895,5373374,64.35644,0,0.0,46560000.0
SVK,2004,18834.391109292686,5372280,65.07177,0,1.0,45910000.0
SVK,2005,20079.91016211355,5372807,65.55024,0,1.0,46790000.0
SVK,2006,21784.330862382998,5373054,65.55024,0,1.0,46320000.0
SVK,2007,24136.972078167506,5374622,64.5933,0,1.0,45340000.0
SVK,2008,25460.737764670175,5379233,68.75,1,1.0,45220000.0
SVK,2009,24039.662666001455,5386406,65.40285,1,1.0,41570000.0
SVK,2010,25528.745731020055,5391428,66.35071,1,1.0,43160000.0
SVK,2011,26168.278256025504,5398384,67.60564,1,1.0,41670000.0
SVK,2012,26478.602153801912,5407579,65.25822,1,1.0,39350000.0
SVK,2013,26623.350551629257,5413393,64.31925,1,1.0,40000000.0
SVK,2014,27322.14238521198,5418649,69.71154,1,1.0,37340000.0
SVK,2015,28719.863077801147,5423801,68.75,1,1.0,37770000.0
SVK,2016,29236.921931010915,5430798,73.55769,1,1.0,38580000.0
SVK,2017,30061.551471719613,5439232,71.15385,1,1.0,40480000.0
SVK,2018,31159.02246230321,5446771,70.19231,1,1.0,39930000.0
DEU,1990,36699.48170331632,79433029,,0,0.0,1160210000.0
DEU,1991,38294.15494251184,80013896,,0,0.0,1130620000.0
DEU,1992,38734.938408344744,80624598,,0,0.0,1082930000.0
DEU,1993,38105.23060212838,81156363,,0,0.0,1075230000.0
DEU,1994,38881.56912192884,81438348,,0,0.0,1062349999.99999
DEU,1995,39366.08863664882,81678051,,0,0.0,1055730000.0
DEU,1996,39568.60247408433,81914831,93.96985,0,0.0,1083880000.0
DEU,1997,40218.8468799392,82034771,,0,0.0,1045890000.0
DEU,1998,41022.61463113965,82047195,93.5,0,0.0,1019610000.0
DEU,1999,41769.81203290843,82100243,,0,0.0,985180000.0
DEU,2000,42928.181336671885,82211508,93.56435,0,0.0,975830000.0
DEU,2001,43576.63652601242,82349925,,0,0.0,991320000.0
DEU,2002,43417.307998804405,82488495,93.56435,0,0.0,972930000.0
DEU,2003,43089.473819751904,82534176,93.56435,0,0.0,971900000.0
DEU,2004,43605.27867231094,82516260,93.77991,0,1.0,952110000.0
DEU,2005,43949.28817917957,82469422,94.25837,0,1.0,927710000.0
DEU,2006,45678.081919268596,82376451,95.21531,0,1.0,934200000.0
DEU,2007,47100.60970469623,82266372,95.21531,1,1.0,905130000.0
DEU,2008,47643.22273724014,82110097,94.23077,1,1.0,907800000.0
DEU,2009,45044.48638704375,81902307,92.891,1,1.0,850640000.0
DEU,2010,46999.23997098935,81776930,92.891,1,1.0,881300000.0
DEU,2011,49757.92415667625,80274983,92.01878,1,1.0,852550000.0
DEU,2012,49872.44748886812,80425823,92.01878,1,1.0,866670000.0
DEU,2013,49954.17374933905,80645605,92.01878,1,1.0,883920000.0
DEU,2014,50845.526995427106,80982500,93.75,1,1.0,843660000.0
DEU,2015,51159.29746438876,81686611,93.26923,1,1.0,847460000.0
DEU,2016,51879.67259379053,82348669,91.82692,1,1.0,850170000.0
DEU,2017,53071.455569991325,82657002,91.34615,1,1.0,832650000.0
DEU,2018,53486.8405707004,82905782,91.34615,1,1.0,806090000.0
POL,1990,11314.961854039047,38110782,,0,0.0,442310000.0
POL,1991,10483.901554199703,38246193,,0,0.0,438090000.0
POL,1992,10714.659131200468,38363667,,0,0.0,427300000.0
POL,1993,11086.959546228783,38461408,,0,0.0,426790000.0
POL,1994,11649.16324575322,38542652,,0,0.0,422110000.0
POL,1995,12459.665779533016,38594998,,0,0.0,421650000.0
POL,1996,13211.567958521606,38624370,70.85427,0,0.0,436360000.0
POL,1997,14054.387956916526,38649660,,0,0.0,426140000.0
POL,1998,14701.343107863959,38663481,77.0,0,0.0,396320000.0
POL,1999,15386.942458211064,38660271,,0,0.0,385650000.0
POL,2000,16257.645757021266,38258629,73.26733,0,0.0,372230000.0
POL,2001,16466.786761206902,38248076,,0,0.0,372090000.0
POL,2002,16809.818407692823,38230364,72.27723,0,0.0,364320000.0
POL,2003,17409.63873741063,38204570,67.32674,0,0.0,376240000.0
POL,2004,18287.82825057373,38182222,63.15789,0,0.0,380590000.0
POL,2005,18937.475899855628,38165445,62.67942,0,0.0,382220000.0
POL,2006,20111.299303413518,38141267,62.67942,0,0.0,396050000.0
POL,2007,21543.163287143445,38120560,62.67942,1,1.0,396050000.0
POL,2008,22444.90827237526,38125759,66.82692,1,1.0,389770000.0
POL,2009,23064.95318149679,38151603,67.29858,1,1.0,373950000.0
POL,2010,23996.14005032558,38042794,68.72038,1,1.0,391920000.0
POL,2011,25124.276078449064,38063255,73.23943,1,1.0,387760000.0
POL,2012,25457.207545805082,38063164,72.30047,1,1.0,380780000.0
POL,2013,25759.339117447784,38040196,73.70892,1,1.0,375430000.0
POL,2014,26649.57818048962,38011735,77.40385,1,1.0,362360000.0
POL,2015,27797.059511833806,37986412,76.44231,1,1.0,366250000.0
POL,2016,28682.693539980293,37970087,73.07692,1,1.0,377190000.0
POL,2017,30064.503484177123,37974826,66.34615,1,1.0,390070000.0
POL,2018,31674.13120604531,37974750,66.82692,1,1.0,389650000.0
UKR,1990,16428.480392969,51891400,,0,0.0,922420000.0
UKR,1991,14967.7334205318,52000500,,0,0.0,876810000.0
UKR,1992,13447.1641479771,52150400,,0,0.0,784360000.0
UKR,1993,11531.2986921748,52179200,,0,0.0,695290000.0
UKR,1994,8934.77503099181,51921400,,0,0.0,600000000.0
UKR,1995,7906.95696685589,51512800,,0,0.0,569420000.0
UKR,1996,7179.67761160933,51057800,22.61307,0,0.0,507740000.0
UKR,1997,7028.04621938482,50594600,,0,0.0,483340000.0
UKR,1998,6956.39890104624,50144500,18.5,0,0.0,455470000.0
UKR,1999,7008.24363659311,49674000,,0,0.0,451860000.0
UKR,2000,7496.81283893667,49176500,14.35644,0,0.0,433670000.0
UKR,2001,8242.70307326554,48662400,,0,0.0,432520000.0
UKR,2002,8765.68270661207,48202470,24.75248,0,0.0,435210000.0
UKR,2003,9678.08651423323,47812949,25.24752,0,0.0,465770000.0
UKR,2004,10902.0377598952,47451626,26.31579,0,0.0,430870000.0
UKR,2005,11319.5107525059,47105171,27.27273,0,0.0,412020000.0
UKR,2006,12259.1582386045,46787786,24.88038,0,0.0,417430000.0
UKR,2007,13345.7714077569,46509355,27.27273,0,0.0,425720000.0
UKR,2008,13719.271300118,46258189,27.40385,0,1.0,411730000.0
UKR,2009,11694.4479775386,46053331,27.01422,0,1.0,351800000.0
UKR,2010,12221.4402696575,45870741,25.11848,1,1.0,369850000.0
UKR,2011,12933.356853082,45706086,23.94366,1,1.0,391160000.0
UKR,2012,12985.0868313636,45593342,26.29108,1,1.0,379030000.0
UKR,2013,13020.6001915337,45489648,23.94366,1,1.0,368050000.0
UKR,2014,12385.8138624923,45272155,23.07692,1,1.0,332020000.0
UKR,2015,11216.1185197646,45154036,22.11539,1,1.0,279070000.0
UKR,2016,11536.3160310689,45004673,24.51923,1,1.0,290100000.0
UKR,2017,11860.5609298492,44831135,25.48077,1,1.0,264100000.0
UKR,2018,12336.9267912022,44622518,24.03846,1,1.0,274510000.0
GBR,1990,31217.218062041695,57247586,,0,0.0,757350000.0
GBR,1991,30777.527977228565,57424897,,0,0.0,772600000.0
GBR,1992,30817.518156236885,57580402,,0,0.0,750470000.0
GBR,1993,31509.189800265376,57718614,,0,0.0,733570000.0
GBR,1994,32637.838741852363,57865745,,0,0.0,722700000.0
GBR,1995,33375.70964433269,58019030,,0,0.0,713510000.0
GBR,1996,34099.31657806321,58166950,94.47236,0,0.0,733630000.0
GBR,1997,35681.24413095556,58316954,,0,0.0,712030000.0
GBR,1998,36699.52046181442,58487141,95.0,0,0.0,708380000.0
GBR,1999,37671.069852897264,58682466,,0,0.0,682210000.0
GBR,2000,38915.19753811004,58892514,94.55446,0,0.0,684830000.0
GBR,2001,39569.150505642574,59119673,,0,0.0,695590000.0
GBR,2002,40238.58579056221,59370479,94.0594,0,0.0,677780000.0
GBR,2003,41265.17497376481,59647577,94.0594,0,0.0,685430000.0
GBR,2004,41997.606214028965,59987905,93.30144,0,0.0,680780000.0
GBR,2005,42791.896746981794,60401206,91.86603,1,1.0,674860000.0
GBR,2006,43576.19779289891,60846820,95.69378,1,1.0,671960000.0
GBR,2007,44219.4876704115,61322463,93.30144,1,1.0,656480000.0
GBR,2008,43767.69579974828,61806995,93.26923,1,1.0,636520000.0
GBR,2009,41592.92789723894,62276270,94.3128,1,1.0,581690000.0
GBR,2010,42147.76555975399,62766365,95.7346,1,1.0,594560000.0
GBR,2011,42429.20983228064,63258810,92.48827,1,1.0,551940000.0
GBR,2012,42754.540431536036,63700215,94.83568,1,1.0,573410000.0
GBR,2013,43271.82746464481,64128273,93.89671,1,1.0,554670000.0
GBR,2014,44239.15105964204,64602298,94.71154,1,1.0,513799999.999999
GBR,2015,45041.05717986684,65116219,93.75,1,1.0,497740000.0
GBR,2016,45712.78342673251,65611593,92.30769,1,1.0,475240000.0
GBR,2017,46372.386603509956,66058859,92.78846,1,1.0,461190000.0
GBR,2018,46853.20111438036,66460344,91.82692,1,1.0,452080000.0
LUX,1990,70860.8191239509,381850,,0,0.0,12200000.0
LUX,1991,75961.66871671128,387000,,0,0.0,12680000.0
LUX,1992,76323.30475328237,392175,,0,0.0,12360000.0
LUX,1993,78468.92175983479,397475,,0,0.0,12570000.0
LUX,1994,80365.22450796871,402925,,0,0.0,11730000.0
LUX,1995,80379.12762899915,408625,,0,0.0,9580000.0
LUX,1996,80401.03201674543,414225,95.9799,0,0.0,9660000.0
LUX,1997,83702.81352981705,419450,,0,0.0,9160000.0
LUX,1998,88185.80011024755,424700,97.0,0,0.0,8480000.0
LUX,1999,94115.38403499764,430475,,0,0.0,8870000.0
LUX,2000,99301.52699915152,436300,98.51485,0,0.0,9400000.0
LUX,2001,101143.14797709644,441525,,0,0.0,9960000.0
LUX,2002,103317.33109808824,446175,98.51485,0,0.0,10740000.0
LUX,2003,104743.00008845786,451630,95.54456,0,0.0,11150000.0
LUX,2004,107634.83719801834,458095,96.65072,0,0.0,12590000.0
LUX,2005,108632.3600158055,465158,96.65072,0,0.0,12820000.0
LUX,2006,113346.03578151042,472637,93.30144,0,0.0,12620000.0
LUX,2007,120647.82295896269,479993,94.73684,0,0.0,12030000.0
LUX,2008,118154.66718446401,488650,95.67308,0,0.0,11960000.0
LUX,2009,112230.08141014827,497783,97.63033,0,0.0,11380000.0
LUX,2010,114343.98808932606,506953,97.63033,0,0.0,11980000.0
LUX,2011,112998.3904765976,518347,97.65258,0,0.0,11830000.0
LUX,2012,112137.13549132792,530946,96.24413,0,0.0,11580000.0
LUX,2013,113050.66325433606,543360,96.71362,0,0.0,11050000.0
LUX,2014,113313.57889794352,556319,95.67308,0,0.0,10560000.0
LUX,2015,113182.72856336506,569604,96.63461,0,1.0,10050000.0
LUX,2016,116283.69968128554,582014,95.19231,0,1.0,9770000.0
LUX,2017,114985.8422359888,596336,95.19231,1,1.0,9920000.0
LUX,2018,115049.92607887741,607950,96.15385,1,1.0,10220000.0
NLD,1990,36461.419019642395,14951510,,0,0.0,203960000.0
NLD,1991,37057.58312750134,15069798,,0,0.0,209320000.0
NLD,1992,76323.30475328237,15184166,,0,0.0,208700000.0
NLD,1993,37613.25219362333,15290368,,0,0.0,214220000.0
NLD,1994,38494.217851772526,15382838,,0,0.0,213960000.0
NLD,1995,39498.13682213008,15459006,,0,0.0,219360000.0
NLD,1996,40691.89031673889,15530498,95.47739,0,0.0,230290000.0
NLD,1997,42235.489068828676,15610650,,0,0.0,221490000.0
NLD,1998,43933.5681069516,15707209,95.5,0,0.0,221620000.0
NLD,1999,45839.131463448895,15812088,,0,0.0,209170000.0
NLD,2000,47422.20340478373,15925513,95.54456,0,0.0,207110000.0
NLD,2001,48160.78436689651,16046180,,0,0.0,208170000.0
NLD,2002,47958.33196611568,16148929,95.04951,0,0.0,207690000.0
NLD,2003,47806.88442866089,16225302,95.04951,0,0.0,207650000.0
NLD,2004,48586.70462420775,16281779,95.21531,0,0.0,209230000.0
NLD,2005,49467.43542670594,16319868,95.69378,0,0.0,203580000.0
NLD,2006,51097.36261133312,16346101,94.73684,0,0.0,198920000.0
NLD,2007,52909.96975722058,16381696,95.69378,0,0.0,198800000.0
NLD,2008,53848.25223169712,16445593,94.71154,0,0.0,196570000.0
NLD,2009,51607.605727231785,16530388,97.15639,0,0.0,191320000.0
NLD,2010,52032.986502242944,16615394,97.15639,0,0.0,202130000.0
NLD,2011,52594.2290064164,16693074,97.1831,0,0.0,188890000.0
NLD,2012,51860.0559942119,16754962,97.1831,0,0.0,187110000.0
NLD,2013,51640.07668623038,16804432,97.1831,0,1.0,186690000.0
NLD,2014,52186.99738612058,16865008,97.11539,0,1.0,179380000.0
NLD,2015,52974.11622009485,16939923,97.11539,0,1.0,188330000.0
NLD,2016,53847.826554544816,17030314,97.11539,1,1.0,188160000.0
NLD,2017,55088.63380067443,17131296,95.67308,1,1.0,184550000.0
NLD,2018,56060.913626940404,17231624,95.67308,1,1.0,178640000.0
SWE,1990,34156.820297142476,8558835,,0,0.0,68390000.0
SWE,1991,33536.01490561181,8617375,,0,0.0,69040000.0
SWE,1992,76323.30475328237,8668067,,0,0.0,71590000.0
SWE,1993,32086.01264283006,8718561,,0,0.0,71550000.0
SWE,1994,33110.8255761839,8780745,,0,0.0,73370000.0
SWE,1995,34233.70277762879,8826939,,0,0.0,72910000.0
SWE,1996,34719.110746917104,8840998,22.61307,0,0.0,78460000.0
SWE,1997,35764.68476403078,8846062,,0,0.0,72200000.0
SWE,1998,37286.095394375734,8850974,18.5,0,0.0,72970000.0
SWE,1999,38839.426271495424,8857874,,0,0.0,71650000.0
SWE,2000,40625.362052053766,8872109,14.35644,0,0.0,67380000.0
SWE,2001,41103.72645897738,8895960,,0,0.0,66330000.0
SWE,2002,41870.25915600985,8924958,96.17225,0,0.0,67660000.0
SWE,2003,42678.28413885659,8958229,97.60766,0,0.0,68610000.0
SWE,2004,44354.39106209767,8993531,98.08612,0,0.0,67120000.0
SWE,2005,45440.296749253495,9029572,99.03846,0,0.0,63460000.0
SWE,2006,47292.31369332655,9080505,99.52607,0,0.0,61900000.0
SWE,2007,48557.38434772469,9148092,99.52607,0,0.0,59780000.0
SWE,2008,47963.493752040675,9219637,99.06104,0,0.0,58580000.0
SWE,2009,45492.76817493599,9298515,99.06104,0,0.0,54620000.0
SWE,2010,47791.37152459466,9378126,99.06104,0,0.0,60070000.0
SWE,2011,48947.439311215545,9449213,97.59615,0,0.0,56110000.0
SWE,2012,48300.84250015781,9519374,99.03846,0,1.0,53230000.0
SWE,2013,48462.16000294886,9600379,99.03846,1,1.0,51530000.0
SWE,2014,49258.99616395385,9696110,98.07692,1,1.0,50120000.0
SWE,2015,50928.962975552044,9799186,97.11539,1,1.0,50050000.0
SWE,2016,51334.432030164084,9923085,99.03846,1,1.0,49520000.0
SWE,2017,51947.95424782436,10057698,98.07692,1,1.0,49070000.0
SWE,2018,52349.29242755991,10175214,97.11539,1,1.0,46350000.0
FRA,1990,33732.01421206511,58235716,,0,0.0,502750000.0
FRA,1991,33897.23143681045,58559309,,0,0.0,527539999.999999
FRA,1992,76323.30475328237,58851216,,0,0.0,512799999.999999
FRA,1993,33905.88226319811,59106758,,0,0.0,494010000.0
FRA,1994,34576.54380897476,59327200,,0,0.0,488270000.0
FRA,1995,35177.65894248467,59541904,,0,0.0,497010000.0
FRA,1996,35548.62851995428,59753095,91.9598,0,0.0,515770000.0
FRA,1997,36250.688960449734,59964841,,0,0.0,505840000.0
FRA,1998,37413.439360948454,60186284,91.0,0,0.0,521880000.0
FRA,1999,38494.94681584772,60496708,,0,0.0,511480000.0
FRA,2000,39732.282451574916,60912500,91.08911,0,0.0,508560000.0
FRA,2001,40226.627067730464,61357432,,0,0.0,513380000.0
FRA,2002,40388.625650838876,61805266,85.64356,0,0.0,505830000.0
FRA,2003,40433.490038656826,62244880,89.60396,0,0.0,510700000.0
FRA,2004,41272.6323754944,62704901,91.86603,0,1.0,508440000.0
FRA,2005,41643.988886445666,63179356,90.43062,0,1.0,509070000.0
FRA,2006,42367.569864684054,63621376,90.43062,0,1.0,498790000.0
FRA,2007,43127.21285568433,64016227,90.43062,0,1.0,491620000.0
FRA,2008,42996.20978181649,64374979,90.86539,1,1.0,485350000.0
FRA,2009,41546.49057962975,64707035,90.04739,1,1.0,467050000.0
FRA,2010,42147.67167669425,65027505,90.52132,1,1.0,470790000.0
FRA,2011,42864.01896896064,65342789,89.67136,1,1.0,453510000.0
FRA,2012,42790.63288383883,65659814,89.67136,1,1.0,456320000.0
FRA,2013,42816.27148190443,65998685,89.20188,1,1.0,457250000.0
FRA,2014,43021.39463589031,66312067,88.46154,1,1.0,424130000.0
FRA,2015,43345.78642815585,66548272,88.46154,1,1.0,430140000.0
FRA,2016,43705.14755932568,66724104,88.46154,1,1.0,430020000.0
FRA,2017,44577.06457453943,66918020,89.42308,1,1.0,432380000.0
FRA,2018,45284.002793962376,67101930,88.94231,1,1.0,423350000.0
ITA,1990,36585.67990287412,56719240,,0,0.0,491250000.0
ITA,1991,37122.82193237642,56758521,,0,0.0,488850000.0
ITA,1992,76323.30475328237,56797087,,0,0.0,485620000.0
ITA,1993,37065.43412489872,56831821,,0,0.0,479320000.0
ITA,1994,37855.00773870818,56843400,,0,0.0,474030000.0
ITA,1995,38947.20131184967,56844303,,0,0.0,499020000.0
ITA,1996,39429.4955552037,56860281,84.42211,0,0.0,495260000.0
ITA,1997,40129.90188192351,56890372,,0,0.0,499040000.0
ITA,1998,40844.74560527797,56906744,76.5,0,0.0,510330000.0
ITA,1999,41501.78836904099,56916317,,0,0.0,517559999.999999
ITA,2000,43053.93306428999,56942108,77.22772,0,0.0,522470000.0
ITA,2001,43869.427941171336,56974100,,0,0.0,520659999.999999
ITA,2002,43915.385340484005,57059007,74.75247,0,0.0,520659999.999999
ITA,2003,43781.21997834214,57313203,73.26733,0,0.0,547470000.0
ITA,2004,44118.03663686648,57685327,68.42105,0,0.0,558590000.0
ITA,2005,44260.82741735146,57969484,64.11483,0,0.0,559870000.0
ITA,2006,44918.17035314993,58143979,62.20096,0,0.0,547470000.0
ITA,2007,45356.53671934852,58438310,64.11483,0,0.0,540720000.0
ITA,2008,44623.60201530568,58826731,63.46154,0,0.0,525850000.0
ITA,2009,42074.92124550911,59095365,62.55924,0,0.0,476970000.0
ITA,2010,42664.355272792454,59277417,63.50711,0,0.0,485460000.0
ITA,2011,42892.30556419483,59379449,64.78873,0,0.0,474590000.0
ITA,2012,41501.711230970475,59539717,63.84977,0,0.0,456710000.0
ITA,2013,40268.112789277344,60233948,63.84977,0,0.0,424930000.0
ITA,2014,39898.52646098261,60789140,68.26923,1,1.0,405240000.0
ITA,2015,40247.82904379417,60730582,64.90385,1,1.0,416150000.0
ITA,2016,40837.737628143695,60627498,64.90385,1,1.0,411450000.0
ITA,2017,41581.12079054799,60536709,62.98077,1,1.0,405770000.0
ITA,2018,42045.92146944066,60421760,61.53846,1,1.0,399600000.0
ROU,1990,13302.463163684706,23201835,,0,0.0,245210000.0
ROU,1991,11685.090982902011,23001155,,0,0.0,202750000.0
ROU,1992,76323.30475328237,22794284,,0,0.0,181310000.0
ROU,1993,10936.721964928669,22763280,,0,0.0,169850000.0
ROU,1994,11383.284498106967,22730211,,0,0.0,166400000.0
ROU,1995,12117.353745569302,22684270,,0,0.0,171950000.0
ROU,1996,12627.194136121403,22619004,50.25126,0,0.0,175210000.0
ROU,1997,12049.534043564468,22553978,,0,0.0,162580000.0
ROU,1998,11829.410266851033,22507344,47.5,0,0.0,145070000.0
ROU,1999,11803.367754506819,22472040,,0,0.0,129460000.0
ROU,2000,12109.544190599501,22442971,45.0495,0,0.0,134090000.0
ROU,2001,12920.480847529403,22131970,,0,0.0,140760000.0
ROU,2002,13909.655991494996,21730496,46.0396,0,0.0,137660000.0
ROU,2003,14338.346559860425,21574326,47.0297,0,0.0,143500000.0
ROU,2004,15924.04053924578,21451748,47.36842,0,0.0,140590000.0
ROU,2005,16770.643127830102,21319685,47.36842,0,0.0,138990000.0
ROU,2006,18224.77123189481,21193760,50.7177,0,0.0,140420000.0
ROU,2007,19833.954423712657,20882982,52.63158,0,0.0,136640000.0
ROU,2008,22044.291738119082,20537875,53.84615,0,0.0,134600000.0
ROU,2009,21002.261903109593,20367487,55.92417,0,0.0,117960000.0
ROU,2010,20303.149033462953,20246871,57.8199,0,0.0,114860000.0
ROU,2011,20792.159304381832,20147528,57.74648,0,1.0,119570000.0
ROU,2012,21311.119187348195,20058035,57.74648,1,1.0,116870000.0
ROU,2013,22197.02328732874,19983693,59.15493,1,1.0,107300000.0
ROU,2014,23084.359127491956,19908979,64.90385,1,1.0,106410000.0
ROU,2015,23878.172350644665,19815616,62.5,1,1.0,108090000.0
ROU,2016,25144.996302552718,19702267,66.34615,1,1.0,105850000.0
ROU,2017,27141.900933584646,19588715,65.38461,1,1.0,108560000.0
ROU,2018,28523.45384757645,19473970,64.42308,1,1.0,109010000.0
BEL,1990,35506.92651465406,9967379,,0,0.0,130729999.999999
BEL,1991,36023.684283895374,10004486,,0,0.0,135670000.0
BEL,1992,76323.30475328237,10045158,,0,0.0,133750000.0
BEL,1993,35935.95739272252,10084475,,0,0.0,131580000.0
BEL,1994,36981.448945997465,10115603,,0,0.0,136940000.0
BEL,1995,37784.14988736503,10136811,,0,0.0,137110000.0
BEL,1996,38208.71867349054,10156637,89.94975,0,0.0,142470000.0
BEL,1997,39562.37298019551,10181245,,0,0.0,139270000.0
BEL,1998,40252.46890570508,10203008,86.5,0,0.0,142050000.0
BEL,1999,41583.09739229507,10226419,,0,0.0,138190000.0
BEL,2000,43024.139910104226,10251250,88.61386,0,0.0,138310000.0
BEL,2001,43347.889209927445,10286570,,0,0.0,138690000.0
BEL,2002,43890.59811001344,10332785,89.10891,0,0.0,131410000.0
BEL,2003,44160.911429245425,10376133,89.10891,0,0.0,134790000.0
BEL,2004,45540.4669120107,10421137,88.99522,0,1.0,133360000.0
BEL,2005,46342.186609331395,10478617,88.03828,0,1.0,129500000.0
BEL,2006,47212.57777272802,10547958,88.51675,0,1.0,126520000.0
BEL,2007,48590.40053533306,10625700,88.99522,0,1.0,121860000.0
BEL,2008,48423.515483961,10709973,89.42308,0,1.0,124200000.0
BEL,2009,47064.79001983761,10796493,88.6256,0,1.0,117130000.0
BEL,2010,47972.55883852303,10895586,90.04739,1,1.0,124460000.0
BEL,2011,48154.87114612523,11038264,90.14085,1,1.0,112180000.0
BEL,2012,48210.92465780141,11106932,90.14085,1,1.0,111590000.0
BEL,2013,48204.58569928675,11159407,90.14085,1,1.0,112860000.0
BEL,2014,48748.62059260388,11209057,88.94231,1,1.0,106460000.0
BEL,2015,49456.39858177832,11274196,88.94231,1,1.0,111520000.0
BEL,2016,49829.92738877411,11331422,89.42308,1,1.0,110360000.0
BEL,2017,50442.270541962374,11375158,87.5,1,1.0,108250000.0
BEL,2018,51126.666953520566,11427054,88.46154,1,1.0,108750000.0
EST,1990,,1569174,,0,0.0,39150000.0
EST,1991,,1561314,,0,0.0,35370000.0
EST,1992,76323.30475328237,1533091,,0,0.0,27590000.0
EST,1993,,1494128,,0,0.0,21790000.0
EST,1994,,1462514,,0,0.0,20910000.0
EST,1995,12730.717414221443,1436634,,0,0.0,19170000.0
EST,1996,13558.568529298866,1415594,66.33166,0,0.0,20040000.0
EST,1997,15503.844831557784,1399535,,0,0.0,19620000.0
EST,1998,16332.819930888714,1386156,71.5,0,0.0,19030000.0
EST,1999,16215.578951758604,1390244,,0,0.0,17930000.0
EST,2000,17765.20753361241,1396985,72.27723,0,0.0,17530000.0
EST,2001,18952.107007543374,1388115,,0,0.0,17980000.0
EST,2002,20364.008737403525,1379350,75.24753,0,0.0,17550000.0
EST,2003,22049.682790341598,1370720,75.24753,0,0.0,19480000.0
EST,2004,23691.15298652836,1362550,81.33971,0,0.0,19620000.0
EST,2005,26096.988338623745,1354775,80.86124,0,0.0,19770000.0
EST,2006,28814.920316465454,1346810,88.03828,0,0.0,18530000.0
EST,2007,31140.57983508986,1340680,86.60287,0,1.0,22540000.0
EST,2008,29621.764529999335,1337090,87.01923,0,1.0,21000000.0
EST,2009,25337.175235261035,1334515,84.36019,1,1.0,17590000.0
EST,2010,26015.74635093255,1331475,85.30806,1,1.0,21560000.0
EST,2011,27990.13640763499,1327439,85.91549,1,1.0,20690000.0
EST,2012,28997.32288453845,1322696,85.91549,1,1.0,19460000.0
EST,2013,29525.11886351169,1317997,86.38498,1,1.0,21870000.0
EST,2014,30494.096303197297,1314545,86.53846,1,1.0,20540000.0
EST,2015,31038.804628705122,1315407,86.53846,1,1.0,18110000.0
EST,2016,32008.934356661382,1315790,86.53846,1,1.0,18280000.0
EST,2017,33821.93290847004,1317384,86.53846,1,1.0,18920000.0
EST,2018,35097.7041021572,1321977,86.53846,1,1.0,18610000.0
FIN,1990,32939.38328806182,4986431,,0,0.0,69400000.0
FIN,1991,30831.60880585706,5013740,,0,0.0,69300000.0
FIN,1992,76323.30475328237,5041992,,0,0.0,66200000.0
FIN,1993,29310.307070418297,5066447,,0,0.0,67440000.0
FIN,1994,30340.823840413454,5088333,,0,0.0,74040000.0
FIN,1995,31499.80577578999,5107790,,0,0.0,70050000.0
FIN,1996,32548.01515537038,5124573,98.99497,0,0.0,76490000.0
FIN,1997,34506.77187907288,5139835,,0,0.0,74530000.0
FIN,1998,36293.39156001435,5153498,100.0,0,0.0,70860000.0
FIN,1999,37795.057760471376,5165474,,0,0.0,69990000.0
FIN,2000,39894.19445696849,5176209,100.0,0,0.0,68450000.0
FIN,2001,40842.34177242434,5188008,,0,0.0,74230000.0
FIN,2002,41439.01923344798,5200598,99.50495,0,0.0,76550000.0
FIN,2003,42168.69346719007,5213014,100.0,0,0.0,84650000.0
FIN,2004,43724.96612259805,5228172,99.52153,0,0.0,80590000.0
FIN,2005,44786.909664307146,5246096,100.0,0,,68380000.0
FIN,2006,46412.20034781758,5266268,99.04306,1,1.0,79710000.0
FIN,2007,48664.26570707096,5288720,98.56459,1,1.0,77860000.0
FIN,2008,48817.989492787005,5313399,98.07692,1,1.0,69730000.0
FIN,2009,44662.100140396025,5338871,100.0,1,1.0,66060000.0
FIN,2010,45874.66130213992,5363352,100.0,1,1.0,74120000.0
FIN,2011,46825.82483888314,5388272,100.0,1,1.0,66099999.9999999
FIN,2012,45952.246383366015,5413971,99.53052,1,1.0,60380000.0
FIN,2013,45328.57532180406,5438972,99.53052,1,1.0,61120000.0
FIN,2014,44976.776448770834,5461512,100.0,1,1.0,57000000.0
FIN,2015,45072.590214623786,5479531,100.0,1,1.0,53550000.0
FIN,2016,46206.78781304944,5495303,100.0,1,1.0,56260000.0
FIN,2017,47570.13358384801,5508214,100.0,1,1.0,53320000.0
FIN,2018,48049.58378413375,5515525,100.0,1,1.0,54490000.0
HRV,1990,,4777368,,0,0.0,28690000.0
HRV,1991,,4689022,,0,0.0,22180000.0
HRV,1992,,4575818,,0,0.0,23210000.0
HRV,1993,,4600463,,0,0.0,24090000.0
HRV,1994,,4652024,,0,0.0,24180000.0
HRV,1995,15146.72034,4620030,,0,0.0,25460000.0
HRV,1996,16273.51415,4557097,31.15578,0,0.0,24800000.0
HRV,1997,17355.87203,4534920,,0,0.0,26280000.0
HRV,1998,17749.61399,4532135,39.5,0,0.0,26580000.0
HRV,1999,17670.2239,4512597,,0,0.0,26260000.0
HRV,2000,18362.10509,4468302,52.9703,0,0.0,25330000.0
HRV,2001,19661.05965,4299642,,0,0.0,26130000.0
HRV,2002,20773.84664,4302174,48.51485,0,0.0,27130000.0
HRV,2003,21915.5581,4303399,52.47525,0,0.0,28230000.0
HRV,2004,22818.54019,4304600,56.9378,0,0.0,28000000.0
HRV,2005,23771.94519,4310145,57.41627,0,0.0,27890000.0
HRV,2006,24940.02123,4311159,54.06699,0,0.0,28620000.0
HRV,2007,26170.99589,4310217,55.98086,0,0.0,30120000.0
HRV,2008,26670.22044,4309705,58.17308,0,0.0,29300000.0
HRV,2009,24754.16015,4305181,60.18958,1,1.0,26740000.0
HRV,2010,24500.06814,4295427,61.61137,1,1.0,26180000.0
HRV,2011,24563.84735,4280622,61.03286,1,1.0,25890000.0
HRV,2012,24078.33073,4267558,60.56338,1,1.0,23950000.0
HRV,2013,24057.80809,4255689,60.56338,1,1.0,22830000.0
HRV,2014,24072.4388,4238389,65.86539,1,1.0,22100000.0
HRV,2015,24884.66523,4203604,61.53846,1,1.0,22690000.0
HRV,2016,25944.25834,4174349,64.42308,1,1.0,22730000.0
HRV,2017,27154.08469,4124531,63.46154,1,1.0,23400000.0
HRV,2018,28192.32854,4087843,63.94231,1,1.0,22550000.0
CAN,1990,,27691138,,0,0.0,559840000.0
CAN,1991,,28037420,,0,0.0,555770000.0
CAN,1992,,28371264,,0,0.0,571700000.0
CAN,1993,,28684764,,0,0.0,569720000.0
CAN,1994,,29000663,,0,0.0,590300000.0
CAN,1995,,29302311,,0,0.0,605760000.0
CAN,1996,,29610218,94.97488,0,0.0,626130000.0
CAN,1997,34034.45518,29905948,,0,0.0,641550000.0
CAN,1998,34697.09058,30155173,94.5,0,0.0,650070000.0
CAN,1999,35782.69026,30401286,,0,0.0,653800000.0
CAN,2000,37194.3956,30685730,94.0594,0,0.0,671760000.0
CAN,2001,37309.6498,31020902,,0,0.0,660900000.0
CAN,2002,38169.10636,31360079,94.55446,0,0.0,679480000.0
CAN,2003,39268.21243,31644028,94.55446,0,0.0,698410000.0
CAN,2004,40426.23133,31940655,94.73684,0,0.0,693310000.0
CAN,2005,42046.86958,32243753,93.77991,0,0.0,705080000.0
CAN,2006,43358.18239,32571174,96.65072,0,0.0,691000000.0
CAN,2007,45888.47633,32889025,96.17225,0,0.0,722540000.0
CAN,2008,45851.63025,33247118,96.15385,1,1.0,698190000.0
CAN,2009,44003.61704,33628895,96.68246,1,1.0,661010000.0
CAN,2010,44861.52396,34004889,96.20853,1,1.0,674200000.0
CAN,2011,45822.59643,34339328,94.3662,1,1.0,689760000.0
CAN,2012,46126.51389,34714222,95.30516,1,1.0,694210000.0
CAN,2013,46704.76224,35082954,95.30516,1,1.0,705420000.0
CAN,2014,47564.60911,35437435,95.19231,1,1.0,712310000.0
CAN,2015,47522.14067,35702908,95.67308,1,1.0,707930000.0
CAN,2016,47457.58535,36109487,96.63461,1,1.0,695200000.0
CAN,2017,48317.09658,36545295,96.15385,1,1.0,709370000.0
CAN,2018,48962.35734,37065178,94.71154,1,1.0,724930000.0
LTU,1990,,3697838,,0,,45200000.0
LTU,1991,,3704134,,0,0.0,46930000.0
LTU,1992,,3700114,,0,0.0,32150000.0
LTU,1993,,3682613,,0,0.0,26240000.0
LTU,1994,,3657144,,0,0.0,24220000.0
LTU,1995,10640.36003,3629102,,0,0.0,22620000.0
LTU,1996,11274.64011,3601613,63.31658,0,0.0,23380000.0
LTU,1997,12302.1012,3575137,,0,0.0,23170000.0
LTU,1998,13317.90773,3549331,70.0,0,0.0,24050000.0
LTU,1999,13259.61695,3524238,,0,0.0,21320000.0
LTU,2000,13846.68329,3499536,60.89109,0,0.0,19620000.0
LTU,2001,14872.37909,3470818,,0,0.0,20060000.0
LTU,2002,16004.4389,3443067,65.34653,0,0.0,20420000.0
LTU,2003,17839.78274,3415213,66.83168,0,0.0,20600000.0
LTU,2004,19226.46927,3377075,68.89952,0,0.0,21580000.0
LTU,2005,21053.1846,3322528,68.89952,0,0.0,22720000.0
LTU,2006,22977.99665,3269909,70.33493,0,0.0,22850000.0
LTU,2007,25835.36802,3231294,71.77033,0,0.0,23850000.0
LTU,2008,26784.88003,3198231,71.63461,0,0.0,23280000.0
LTU,2009,23065.06196,3162916,70.61611,0,0.0,19710000.0
LTU,2010,23942.76036,3097282,73.45972,0,0.0,20520000.0
LTU,2011,25968.58342,3028115,73.70892,0,1.0,19980000.0
LTU,2012,27330.89595,2987773,76.05634,1,1.0,19900000.0
LTU,2013,28589.02666,2957689,74.17841,1,1.0,19000000.0
LTU,2014,29855.83149,2932367,79.32692,1,1.0,18550000.0
LTU,2015,30748.19631,2904910,81.25,1,1.0,18800000.0
LTU,2016,31925.80342,2868231,82.21154,1,1.0,18820000.0
LTU,2017,33761.87124,2828403,80.76923,1,1.0,18730000.0
LTU,2018,35446.70808,2801543,79.80769,1,1.0,18840000.0
BGR,1990,12507.71359,8718289,,0,0.0,98340000.0
BGR,1991,11565.37384,8632367,,0,0.0,81120000.0
BGR,1992,10840.07872,8540164,,0,0.0,75250000.0
BGR,1993,10765.15064,8472313,,0,0.0,73770000.0
BGR,1994,10998.14712,8443591,,0,0.0,69880000.0
BGR,1995,11362.64635,8406067,,0,0.0,71100000.0
BGR,1996,12015.92681,8362826,39.69849,0,0.0,71630000.0
BGR,1997,10382.85145,8312068,,0,0.0,69110000.0
BGR,1998,10848.42118,8256786,45.0,0,0.0,65260000.0
BGR,1999,9993.449174,8210624,,0,0.0,58330000.0
BGR,2000,10503.62031,8170172,48.51485,0,0.0,57700000.0
BGR,2001,11124.50607,8009142,,0,0.0,60160000.0
BGR,2002,12036.18332,7837161,51.9802,0,0.0,57510000.0
BGR,2003,12767.2686,7775327,48.51485,0,0.0,62300000.0
BGR,2004,13701.50142,7716860,49.2823,0,0.0,60990000.0
BGR,2005,14779.19305,7658972,50.23923,0,0.0,60950000.0
BGR,2006,15904.90196,7601022,51.19617,0,0.0,61030000.0
BGR,2007,17078.3683,7545338,53.11005,0,0.0,65209999.9999999
BGR,2008,18250.54052,7492561,52.40385,0,0.0,62760000.0
BGR,2009,17767.51424,7444443,54.50237,0,0.0,55350000.0
BGR,2010,18160.60824,7395599,52.60664,0,1.0,57040000.0
BGR,2011,18661.47996,7348328,51.17371,1,1.0,62840000.0
BGR,2012,18911.58431,7305888,52.11267,1,1.0,57150000.0
BGR,2013,18911.12601,7265115,51.64319,1,1.0,52060000.0
BGR,2014,19202.80893,7223938,54.32692,1,1.0,54660000.0
BGR,2015,19988.22449,7177991,52.40385,1,1.0,57310000.0
BGR,2016,20740.79485,7127822,51.44231,1,1.0,54270000.0
BGR,2017,21469.94544,7075947,51.44231,1,1.0,56450000.0
BGR,2018,22206.09078,7025037,52.40385,1,1.0,53330000.0
GRC,1990,24262.94767,10196792,,0,0.0,95350000.0
GRC,1991,24716.62463,10319927,,0,0.0,95450000.0
GRC,1992,24700.23763,10399061,,0,0.0,97530000.0
GRC,1993,24162.47629,10460415,,0,0.0,97900000.0
GRC,1994,24522.6322,10512922,,0,0.0,100530000.0
GRC,1995,24920.83695,10562153,,0,0.0,104930000.0
GRC,1996,25521.39002,10608800,83.41708,0,0.0,105990000.0
GRC,1997,26534.61003,10661259,,0,0.0,107090000.0
GRC,1998,27415.74483,10720509,75.0,0,0.0,111150000.0
GRC,1999,28149.96572,10761698,,0,0.0,112280000.0
GRC,2000,29133.96572,10805808,80.19802,0,0.0,117920000.0
GRC,2001,30180.35658,10862132,,0,0.0,118510000.0
GRC,2002,31249.53286,10902022,73.76237,0,0.0,118890000.0
GRC,2003,32981.49458,10928070,75.74258,0,0.0,122210000.0
GRC,2004,34565.06116,10955141,77.99043,0,0.0,121820000.0
GRC,2005,34670.33526,10987314,75.11961,0,0.0,123910000.0
GRC,2006,36520.20631,11020362,77.03349,0,0.0,122290000.0
GRC,2007,37619.82391,11048473,77.51196,0,1.0,125630000.0
GRC,2008,37394.33452,11077841,78.36539,1,1.0,121790000.0
GRC,2009,35692.10064,11107017,68.24644,1,1.0,114900000.0
GRC,2010,33693.21148,11121341,66.82465,1,1.0,108190000.0
GRC,2011,30318.40467,11104899,66.19718,1,1.0,105760000.0
GRC,2012,28322.57306,11045011,63.38028,1,1.0,100600000.0
GRC,2013,27810.91123,10965211,64.78873,1,1.0,92970000.0
GRC,2014,28129.96132,10892413,66.82692,1,1.0,89910000.0
GRC,2015,28260.38667,10820883,64.42308,1,1.0,88180000.0
GRC,2016,28239.91921,10775971,58.65385,1,1.0,86900000.0
GRC,2017,28604.86094,10754679,56.73077,1,1.0,86510000.0
GRC,2018,29141.17438,10732882,58.65385,1,1.0,84750000.0
PHL,1990,4209.482917,61895169,,0,0.0,95750000.0
PHL,1991,4088.102367,63454785,,0,0.0,95810000.0
PHL,1992,4006.344665,65020124,,0,0.0,97950000.0
PHL,1993,3997.012972,66593904,,0,0.0,103460000.0
PHL,1994,4074.72764,68180846,,0,0.0,111230000.0
PHL,1995,4165.249064,69784087,,0,0.0,123410000.0
PHL,1996,4309.450332,71401743,53.76884,0,0.0,132370000.0
PHL,1997,4431.837268,73030879,,0,0.0,140970000.0
PHL,1998,4312.152103,74672009,55.0,0,0.0,134680000.0
PHL,1999,4359.888549,76325927,,0,0.0,140440000.0
PHL,2000,4453.756665,77991757,40.59406,0,0.0,142340000.0
PHL,2001,4492.721424,79672869,,0,0.0,141890000.0
PHL,2002,4562.761382,81365260,41.08911,0,0.0,143550000.0
PHL,2003,4697.48565,83051970,38.11881,0,0.0,146690000.0
PHL,2004,4908.058738,84710544,34.44976,0,0.0,150440000.0
PHL,2005,5054.238933,86326251,42.10526,0,0.0,151720000.0
PHL,2006,5228.315741,87888675,42.58373,0,0.0,144810000.0
PHL,2007,5474.681327,89405482,39.71292,0,0.0,150350000.0
PHL,2008,5618.484953,90901967,36.05769,0,0.0,153560000.0
PHL,2009,5606.590677,92414161,35.07109,0,0.0,155570000.0
PHL,2010,5918.373229,93966784,35.07109,0,0.0,161170000.0
PHL,2011,6043.601676,95570049,37.0892,0,0.0,163300000.0
PHL,2012,6351.264942,97212639,38.96714,0,0.0,168460000.0
PHL,2013,6666.250512,98871558,42.25352,0,0.0,179820000.0
PHL,2014,6973.638909,100513137,43.75,0,1.0,187640000.0
PHL,2015,7300.13621,102113206,43.26923,0,1.0,196720000.0
PHL,2016,7705.05377,103663812,39.42308,0,1.0,209480000.0
PHL,2017,8120.868793,105172921,36.53846,1,1.0,225870000.0
PHL,2018,8516.136549,106651394,34.13462,1,1.0,232340000.0
ESP,1990,27543.91924,38867322,,0,0.0,275270000.0
ESP,1991,28173.38724,38966376,,0,0.0,281450000.0
ESP,1992,28296.25568,39157685,,0,0.0,291280000.0
ESP,1993,27859.54304,39361262,,0,0.0,276490000.0
ESP,1994,28388.01265,39549108,,0,0.0,289430000.0
ESP,1995,29042.34414,39724050,,0,0.0,303340000.0
ESP,1996,29691.0968,39889852,90.45226,0,0.0,296730000.0
ESP,1997,30661.65483,40057389,,0,0.0,318090000.0
ESP,1998,31876.43959,40223509,90.0,0,0.0,327700000.0
ESP,1999,33173.1172,40386875,,0,0.0,352530000.0
ESP,2000,34757.61502,40567864,90.59406,0,0.0,369840000.0
ESP,2001,35874.75293,40850412,,0,0.0,367810000.0
ESP,2002,36337.5552,41431558,86.63367,0,0.0,384510000.0
ESP,2003,36750.44185,42187645,86.63367,0,0.0,393610000.0
ESP,2004,37249.77351,42921895,85.16747,0,1.0,409760000.0
ESP,2005,37963.36584,43653155,86.1244,0,1.0,424480000.0
ESP,2006,38858.47107,44397319,87.55981,0,1.0,418340000.0
ESP,2007,39520.82227,45226803,86.1244,0,1.0,434660000.0
ESP,2008,39240.39519,45954106,85.57692,0,1.0,401450000.0
ESP,2009,37430.6785,46362946,86.25592,0,1.0,364620000.0
ESP,2010,37319.47622,46576897,85.78199,1,1.0,349440000.0
ESP,2011,36884.25924,46742697,85.44601,1,1.0,348820000.0
ESP,2012,35769.46003,46773055,83.09859,1,1.0,342540000.0
ESP,2013,35371.73982,46620045,82.15962,1,1.0,316480000.0
ESP,2014,35968.62014,46480882,80.28846,1,1.0,314950000.0
ESP,2015,37377.06802,46444832,79.32692,1,1.0,325510000.0
ESP,2016,38477.57918,46484062,80.76923,1,1.0,315830000.0
ESP,2017,39528.92539,46593236,82.21154,1,1.0,332170000.0
ESP,2018,40256.95248,46797754,81.25,1,1.0,326940000.0
NPL,1990,1616.649398,18905480,,0,0.0,21760000.0
NPL,1991,1675.290745,19405506,,0,0.0,22150000.0
NPL,1992,1697.477442,19938322,,0,0.0,22010000.0
NPL,1993,1715.367212,20489973,,0,0.0,22960000.0
NPL,1994,1807.697207,21040899,,0,0.0,23840000.0
NPL,1995,1824.002826,21576074,,0,0.0,25080000.0
NPL,1996,1876.464286,22090352,51.25628,0,0.0,26030000.0
NPL,1997,1928.046702,22584772,,0,0.0,27050000.0
NPL,1998,1945.451034,23057875,51.5,0,0.0,28020000.0
NPL,1999,1992.233738,23509971,,0,0.0,29530000.0
NPL,2000,2077.652056,23941099,42.57426,0,0.0,30330000.0
NPL,2001,2141.067035,24347113,,0,0.0,30840000.0
NPL,2002,2110.823497,24725625,38.11881,0,0.0,30440000.0
NPL,2003,2163.018278,25080880,32.67327,0,0.0,31090000.0
NPL,2004,2234.154768,25419337,27.27273,0,0.0,31420000.0
NPL,2005,2282.685054,25744500,24.40191,0,0.0,32220000.0
NPL,2006,2330.325084,26066687,31.57895,0,0.0,32270000.0
NPL,2007,2380.970834,26382586,33.97129,0,0.0,32720000.0
NPL,2008,2499.415586,26666581,28.36539,0,0.0,34020000.0
NPL,2009,2591.631452,26883531,21.32701,0,0.0,35880000.0
NPL,2010,2703.414917,27013207,18.00948,0,0.0,37220000.0
NPL,2011,2793.024734,27041220,21.12676,0,0.0,39020000.0
NPL,2012,2922.619609,26989160,28.16901,0,0.0,40940000.0
NPL,2013,3033.780787,26916795,28.6385,0,0.0,41840000.0
NPL,2014,3217.44851,26905982,30.28846,0,0.0,43860000.0
NPL,2015,3331.871769,27015033,29.80769,0,0.0,43670000.0
NPL,2016,3315.814414,27263430,21.15385,0,0.0,47070000.0
NPL,2017,3565.197807,27632682,28.36539,0,1.0,49580000.0
NPL,2018,3773.715918,28095712,33.65385,1,1.0,51240000.0
IND,1990,1813.135853,873277799,,0,0.0,1226440000.0
IND,1991,1795.302326,891273202,,0,0.0,1281480000.0
IND,1992,1856.170582,909307018,,0,0.0,1313710000.0
IND,1993,1906.412058,927403866,,0,0.0,1345440000.0
IND,1994,1994.226916,945601828,,0,0.0,1391780000.0
IND,1995,2104.505298,963922586,,0,0.0,1457390000.0
IND,1996,2220.893203,982365248,61.30653,0,0.0,1509060000.0
IND,1997,2268.043087,1000900028,,0,0.0,1567730000.0
IND,1998,2364.408687,1019483586,64.0,0,0.0,1601880000.0
IND,1999,2527.508347,1038058154,,0,0.0,1678280000.0
IND,2000,2578.59153,1056575548,62.37624,0,0.0,1717560000.0
IND,2001,2656.655208,1075000094,,0,0.0,1741320000.0
IND,2002,2711.511846,1093317187,53.9604,0,0.0,1763940000.0
IND,2003,2876.743382,1111523146,58.91089,0,0.0,1808910000.0
IND,2004,3054.918876,1129623466,55.02392,0,0.0,1894780000.0
IND,2005,3245.299885,1147609924,56.9378,0,0.0,1969680000.0
IND,2006,3453.105661,1165486291,58.37321,0,0.0,2065570000.0
IND,2007,3661.955505,1183209471,56.45933,0,0.0,2209240000.0
IND,2008,3720.092648,1200669762,57.69231,0,0.0,2309340000.0
IND,2009,3956.359016,1217726217,54.9763,0,0.0,2452660000.0
IND,2010,4234.979573,1234281163,54.02843,0,0.0,2564130000.0
IND,2011,4399.88824,1250287939,52.58216,0,0.0,2671200000.0
IND,2012,4583.173198,1265780243,52.58216,0,0.0,2814000000.0
IND,2013,4818.522557,1280842119,53.05164,0,0.0,2875980000.0
IND,2014,5116.629105,1295600768,55.28846,0,1.0,3048790000.0
IND,2015,5464.394057,1310152392,55.76923,1,1.0,3063650000.0
IND,2016,5851.39488,1324517250,53.36538,1,1.0,3103110000.0
IND,2017,6182.922109,1338676779,53.36538,1,1.0,3229920000.0
IND,2018,6518.845055,1352642283,55.28846,1,1.0,3374990000.0
CHE,1990,56329.21565,6715519,,0,0.0,52650000.0
CHE,1991,55120.11476,6799978,,0,0.0,54850000.0
CHE,1992,54491.90035,6875364,,0,0.0,54770000.0
CHE,1993,53929.85852,6938265,,0,0.0,52300000.0
CHE,1994,54181.00257,6993795,,0,0.0,51430000.0
CHE,1995,54078.95231,7040687,,0,0.0,52360000.0
CHE,1996,54106.57086,7071850,100.0,0,0.0,52950000.0
CHE,1997,55201.20477,7088906,,0,0.0,51500000.0
CHE,1998,56724.50517,7110001,99.0,0,0.0,53040000.0
CHE,1999,57440.05357,7143991,,0,0.0,53160000.0
CHE,2000,59389.42406,7184250,99.50495,0,0.0,52360000.0
CHE,2001,59944.77692,7229854,,0,0.0,53960000.0
CHE,2002,59489.74806,7284753,100.0,0,0.0,52310000.0
CHE,2003,59022.35241,7339001,98.51485,0,0.0,53500000.0
CHE,2004,60271.93241,7389625,98.08612,0,0.0,53950000.0
CHE,2005,61613.39105,7437115,98.08612,0,0.0,54650000.0
CHE,2006,63686.24824,7483934,97.12919,0,0.0,54350000.0
CHE,2007,65641.71061,7551117,97.60766,0,0.0,52410000.0
CHE,2008,66598.85937,7647675,96.63461,0,0.0,54010000.0
CHE,2009,64404.07986,7743831,95.7346,0,0.0,52530000.0
CHE,2010,65819.73725,7824909,94.3128,0,0.0,54100000.0
CHE,2011,66342.01082,7912398,93.89671,0,0.0,50020000.0
CHE,2012,66440.28702,7996861,96.71362,0,0.0,51250000.0
CHE,2013,66877.16305,8089346,96.24413,0,0.0,52270000.0
CHE,2014,67682.68618,8188649,98.07692,0,0.0,48470000.0
CHE,2015,68025.92004,8282396,97.59615,0,0.0,47710000.0
CHE,2016,68663.24382,8373338,98.07692,0,1.0,48190000.0
CHE,2017,69103.57026,8451840,99.03846,0,1.0,47200000.0
CHE,2018,70597.29207,8514329,99.03846,0,1.0,46020000.0
PAK,1990,2915.900175,107647918,,0,0.0,158450000.0
PAK,1991,2976.912543,110778655,,0,0.0,159400000.0
PAK,1992,3118.139237,113911126,,0,0.0,168600000.0
PAK,1993,3086.893478,117086680,,0,0.0,178420000.0
PAK,1994,3115.102968,120362764,,0,0.0,185090000.0
PAK,1995,3179.50713,123776835,,0,0.0,195560000.0
PAK,1996,3240.088797,127349293,31.65829,0,0.0,202600000.0
PAK,1997,3180.351108,131057432,,0,0.0,209520000.0
PAK,1998,3169.890225,134843233,25.5,0,0.0,213320000.0
PAK,1999,3196.279545,138624625,,0,0.0,225890000.0
PAK,2000,3245.378342,142343583,21.78218,0,0.0,228010000.0
PAK,2001,3277.051278,145978408,,0,0.0,231230000.0
PAK,2002,3279.030977,149549695,26.23762,0,0.0,237640000.0
PAK,2003,3388.17669,153093371,25.74257,0,0.0,245480000.0
PAK,2004,3560.811841,156664698,19.61723,0,0.0,262420000.0
PAK,2005,3706.824023,160304007,22.00957,0,0.0,270700000.0
PAK,2006,3836.49275,164022626,22.96651,0,0.0,290100000.0
PAK,2007,3931.175785,167808106,21.05263,0,0.0,306860000.0
PAK,2008,3908.599006,171648984,17.78846,0,0.0,309840000.0
PAK,2009,3930.508174,175525610,21.80095,0,0.0,320200000.0
PAK,2010,3906.873971,179424643,27.48815,0,0.0,314470000.0
PAK,2011,3928.519927,183340168,19.71831,0,0.0,323170000.0
PAK,2012,3980.74865,187280125,21.12676,0,0.0,326970000.0
PAK,2013,4069.267498,191260799,22.06573,0,0.0,337420000.0
PAK,2014,4171.29183,195305012,25.0,0,0.0,351040000.0
PAK,2015,4278.346663,199426953,24.51923,1,1.0,365780000.0
PAK,2016,4421.581929,203631356,20.19231,1,1.0,389400000.0
PAK,2017,4571.205078,207906210,24.51923,1,1.0,414600000.0
PAK,2018,4739.472713,212228288,26.92308,1,1.0,431220000.0
NZL,1990,28086.82413,3329800,,0,0.0,71050000.0
NZL,1991,26466.67346,3495100,,0,0.0,70510000.0
NZL,1992,26479.0419,3531700,,0,0.0,71370000.0
NZL,1993,27852.03502,3572200,,0,0.0,70440000.0
NZL,1994,28891.04395,3620000,,0,0.0,72170000.0
NZL,1995,29815.78619,3673400,,0,0.0,73430000.0
NZL,1996,30409.09066,3732000,98.49246,0,0.0,73980000.0
NZL,1997,30627.80462,3781300,,0,0.0,76280000.0
NZL,1998,30599.32319,3815000,98.5,0,0.0,74780000.0
NZL,1999,32098.14628,3835100,,0,0.0,77030000.0
NZL,2000,32837.09789,3857700,96.0396,0,0.0,77190000.0
NZL,2001,33775.23266,3880500,,0,0.0,79870000.0
NZL,2002,34745.16533,3948500,96.0396,0,0.0,81420000.0
NZL,2003,35616.11471,4027200,97.0297,0,0.0,83850000.0
NZL,2004,36504.19746,4087500,97.12919,0,0.0,82490000.0
NZL,2005,37293.21377,4133900,97.12919,0,0.0,83990000.0
NZL,2006,37902.75176,4184600,96.17225,0,0.0,84250000.0
NZL,2007,38687.84615,4223800,96.65072,0,0.0,82960000.0
NZL,2008,37933.15147,4259800,97.11539,0,0.0,82990000.0
NZL,2009,37505.04828,4302600,99.05213,0,0.0,80190000.0
NZL,2010,37657.1432,4350700,98.10426,0,0.0,79980000.0
NZL,2011,38214.47454,4384000,98.59155,0,0.0,79400000.0
NZL,2012,38857.11589,4408100,98.59155,0,0.0,81670000.0
NZL,2013,39599.1883,4442100,98.12206,0,0.0,81240000.0
NZL,2014,40432.24148,4516500,98.55769,0,0.0,81740000.0
NZL,2015,41086.1153,4609400,98.07692,0,1.0,81690000.0
NZL,2016,41672.10124,4714100,98.55769,0,1.0,80410000.0
NZL,2017,42285.3199,4813600,98.55769,1,1.0,82060000.0
NZL,2018,42866.12723,4900600,98.07692,1,1.0,81330000.0
AUS,1990,31016.41533,17065100,,0,0.0,503820000.0
AUS,1991,30502.60587,17284000,,0,0.0,503740000.0
AUS,1992,30259.41807,17495000,,0,0.0,505910000.0
AUS,1993,31173.47373,17667000,,0,0.0,505590000.0
AUS,1994,32073.02667,17855000,,0,0.0,508670000.0
AUS,1995,32902.76973,18072000,,0,0.0,516760000.0
AUS,1996,33724.97201,18311000,96.48241,0,0.0,514520000.0
AUS,1997,34653.19125,18517000,,0,0.0,522740000.0
AUS,1998,35876.22337,18711000,96.5,0,0.0,550570000.0
AUS,1999,37219.64111,18926000,,0,0.0,583610000.0
AUS,2000,38217.44944,19153000,95.04951,0,0.0,608210000.0
AUS,2001,38474.15333,19413000,,0,0.0,634100000.0
AUS,2002,39533.22346,19651400,95.54456,0,0.0,627080000.0
AUS,2003,40262.91406,19895400,96.0396,0,0.0,546710000.0
AUS,2004,41472.53879,20127400,95.69378,0,0.0,605380000.0
AUS,2005,42222.27272,20394800,95.21531,0,0.0,568380000.0
AUS,2006,42738.46579,20697900,94.25837,0,0.0,611700000.0
AUS,2007,44072.88403,20827600,94.25837,0,0.0,614990000.0
AUS,2008,44743.65989,21249200,95.19231,0,0.0,587260000.0
AUS,2009,44649.16077,21691700,94.78673,0,1.0,601070000.0
AUS,2010,44914.98121,22031750,94.78673,0,1.0,571220000.0
AUS,2011,45389.17017,22340024,95.77465,1,1.0,673130000.0
AUS,2012,46350.91995,22733465,95.77465,1,1.0,670930000.0
AUS,2013,46744.63254,23128129,95.77465,1,1.0,581890000.0
AUS,2014,47232.87539,23475686,96.15385,1,1.0,593500000.0
AUS,2015,47569.2946,23815995,94.71154,1,1.0,594580000.0
AUS,2016,48116.03108,24190907,94.71154,1,1.0,573390000.0
AUS,2017,48398.5497,24601860,93.26923,1,1.0,619790000.0
AUS,2018,49029.10571,24982688,92.78846,1,1.0,615380000.0
CRI,1990,9932.629839,3119436,,0,0.0,8850000.0
CRI,1991,9895.495601,3202083,,0,0.0,9120000.0
CRI,1992,10528.34779,3286525,,0,0.0,10220000.0
CRI,1993,10988.77545,3372298,,0,0.0,10290000.0
CRI,1994,11198.02715,3458829,,0,0.0,10670000.0
CRI,1995,11378.00017,3545524,,0,0.0,10240000.0
CRI,1996,11255.97406,3632361,68.34171,0,0.0,10200000.0
CRI,1997,11595.93704,3718952,,0,0.0,10290000.0
CRI,1998,12148.19686,3803893,74.0,0,0.0,11010000.0
CRI,1999,12394.54799,3885428,,0,0.0,10840000.0
CRI,2000,12624.07057,3962369,70.29703,0,0.0,10700000.0
CRI,2001,12832.57368,4034074,,0,0.0,11020000.0
CRI,2002,13054.71918,4100922,71.78218,0,0.0,11060000.0
CRI,2003,13411.8483,4164053,72.77228,0,0.0,11430000.0
CRI,2004,13802.72868,4225156,67.46411,0,0.0,11430000.0
CRI,2005,14149.51924,4285504,66.02871,0,0.0,11960000.0
CRI,2006,14976.81578,4345421,63.63636,0,0.0,12280000.0
CRI,2007,15989.33133,4404626,60.76555,0,0.0,13660000.0
CRI,2008,16527.43608,4463123,63.94231,0,0.0,13860000.0
CRI,2009,16174.27686,4520739,66.35071,0,0.0,13450000.0
CRI,2010,16830.43618,4577371,65.40285,0,1.0,13560000.0
CRI,2011,17360.20159,4633086,62.9108,0,1.0,14270000.0
CRI,2012,17994.53623,4688003,65.7277,0,1.0,14230000.0
CRI,2013,18233.01597,4742111,66.66666,0,1.0,14720000.0
CRI,2014,18669.09668,4795390,72.11539,0,1.0,14770000.0
CRI,2015,19141.68307,4847805,69.71154,0,1.0,14630000.0
CRI,2016,19736.6653,4899336,68.26923,0,1.0,15540000.0
CRI,2017,20347.03477,4949955,68.26923,0,1.0,15710000.0
CRI,2018,20672.61583,4999443,69.71154,1,1.0,15810000.0
NOR,1990,42136.60317,4241473,,0,0.0,45950000.0
NOR,1991,43229.91632,4261732,,0,0.0,43380000.0
NOR,1992,44517.43572,4286401,,0,0.0,43940000.0
NOR,1993,45512.39022,4311991,,0,0.0,45780000.0
NOR,1994,47541.76671,4336613,,0,0.0,47320000.0
NOR,1995,49260.96952,4359184,,0,0.0,46640000.0
NOR,1996,51476.19922,4381336,99.49749,0,0.0,47500000.0
NOR,1997,53903.43782,4405157,,0,0.0,49110000.0
NOR,1998,54989.70273,4431464,99.5,0,0.0,50690000.0
NOR,1999,55713.75589,4461913,,0,0.0,52650000.0
NOR,2000,57127.382,4490967,99.0099,0,0.0,47280000.0
NOR,2001,58018.31143,4513751,,0,0.0,47910000.0
NOR,2002,58540.84544,4538159,97.0297,0,0.0,47390000.0
NOR,2003,58728.15699,4564855,97.52475,0,0.0,49320000.0
NOR,2004,60699.56658,4591910,100.0,0,0.0,49830000.0
NOR,2005,61870.36456,4623291,98.56459,0,0.0,48570000.0
NOR,2006,62846.93868,4660677,99.52153,0,0.0,48990000.0
NOR,2007,64062.43931,4709153,99.04306,0,0.0,49610000.0
NOR,2008,63570.34148,4768212,100.0,0,0.0,48130000.0
NOR,2009,61689.55854,4828726,98.10426,0,0.0,47530000.0
NOR,2010,61353.47733,4889252,98.5782,0,0.0,51870000.0
NOR,2011,61157.12993,4953088,98.12206,0,0.0,50120000.0
NOR,2012,61990.69236,5018573,100.0,0,0.0,48980000.0
NOR,2013,61878.97518,5079623,100.0,0,0.0,48060000.0
NOR,2014,62390.13031,5137232,99.03846,0,0.0,48310000.0
NOR,2015,62987.51629,5188607,98.55769,0,0.0,48580000.0
NOR,2016,63104.08078,5234519,99.51923,0,1.0,47980000.0
NOR,2017,64050.75617,5276968,99.51923,0,1.0,46920000.0
NOR,2018,64341.25868,5311916,99.51923,0,1.0,47340000.0
PRT,1990,23556.856207493605,9983218,,0,0.0,56310000.0
PRT,1991,24642.59961590557,9960235,,0,0.0,58020000.0
PRT,1992,76323.30475328237,9952494,,0,0.0,61980000.0
PRT,1993,24391.19984847265,9964675,,0,0.0,60960000.0
PRT,1994,24560.35706138357,9991525,,0,0.0,62870000.0
PRT,1995,25523.70602231763,10026176,,0,0.0,66650000.0
PRT,1996,26318.97512633977,10063945,88.94473,0,0.0,64989999.9999999
PRT,1997,27354.836811735426,10108977,,0,0.0,67360000.0
PRT,1998,28525.517432437704,10160196,88.5,0,0.0,72460000.0
PRT,1999,29472.709879930724,10217828,,0,0.0,79260000.0
PRT,2000,30383.1378175177,10289898,84.65347,0,0.0,78790000.0
PRT,2001,30756.01895460625,10362722,,0,0.0,78130000.0
PRT,2002,30823.84904407957,10419631,87.62376,0,0.0,82990000.0
PRT,2003,30422.60202857209,10458821,88.61386,0,0.0,78000000.0
PRT,2004,30892.819881126277,10483861,87.55981,0,0.0,80000000.0
PRT,2005,31076.644120528934,10503330,87.08134,0,0.0,82990000.0
PRT,2006,31524.74956803092,10522288,80.38277,0,0.0,77800000.0
PRT,2007,32251.56909774262,10542964,82.77512,0,0.0,76400000.0
PRT,2008,32307.91276793201,10558177,83.65385,0,0.0,74150000.0
PRT,2009,31269.41046130042,10568247,83.41232,0,0.0,73270000.0
PRT,2010,31798.1538079411,10573100,82.93839,0,0.0,67990000.0
PRT,2011,31304.81552630748,10557560,80.28169,0,0.0,67110000.0
PRT,2012,30156.701582262805,10514844,82.6291,0,0.0,65410000.0
PRT,2013,30042.890718598203,10457295,83.09859,0,0.0,63700000.0
PRT,2014,30444.600209194723,10401062,84.13461,0,0.0,63320000.0
PRT,2015,31118.79067032788,10358076,83.17308,0,0.0,67430000.0
PRT,2016,31847.537734764683,10325452,83.17308,0,0.0,66379999.9999999
PRT,2017,33044.71673874793,10300300,83.65385,0,0.0,70950000.0
PRT,2018,34040.72538736647,10283822,85.09615,0,1.0,66819999.9999999
KEN,1990,3569.4967471965724,23724574,,0,0.0,38490000.0
KEN,1991,3503.1340255058253,24521714,,0,0.0,37250000.0
KEN,1992,76323.30475328237,25326080,,0,0.0,37250000.0
KEN,1993,3271.974799166815,26136217,,0,0.0,37050000.0
KEN,1994,3256.655601747663,26950508,,0,0.0,37310000.0
KEN,1995,3300.014905715507,27768297,,0,0.0,37650000.0
KEN,1996,3338.1461716155213,28589456,18.09045,0,0.0,37190000.0
KEN,1997,3259.7945945022966,29415660,,0,0.0,37110000.0
KEN,1998,3274.1277697723476,30250488,17.5,0,0.0,38560000.0
KEN,1999,3258.242491302052,31098763,,0,0.0,40730000.0
KEN,2000,3188.999811517681,31964557,24.75248,0,0.0,39680000.0
KEN,2001,3220.47552998289,32848569,,0,0.0,39200000.0
KEN,2002,3151.437691201945,33751746,21.78218,0,0.0,40100000.0
KEN,2003,3157.13798614283,34678781,23.26733,0,0.0,41070000.0
KEN,2004,3229.22162993258,35635267,22.48804,0,0.0,43690000.0
KEN,2005,3327.5512623946597,36624897,22.48804,0,0.0,44060000.0
KEN,2006,3446.5509241564746,37649039,22.00957,0,0.0,44530000.0
KEN,2007,3582.1068475038333,38705934,17.70335,0,0.0,61330000.0
KEN,2008,3492.4332609178464,39791984,16.34615,0,0.0,62660000.0
KEN,2009,3510.029822118905,40901798,17.06161,0,0.0,63080000.0
KEN,2010,3691.0130166345134,42030684,18.48341,0,0.0,64700000.0
KEN,2011,3776.9107187230643,43178270,19.24883,0,0.0,67080000.0
KEN,2012,3845.6868361504094,44343469,23.94366,0,0.0,66430000.0
KEN,2013,3888.569022251876,45519986,29.10798,0,0.0,68440000.0
KEN,2014,3980.585333035548,46700063,38.46154,0,0.0,71370000.0
KEN,2015,4075.501883382876,47878339,36.53846,0,0.0,73990000.0
KEN,2016,4145.640700592443,49051531,35.57692,0,0.0,79550000.0
KEN,2017,4203.585010785479,50221146,37.5,0,0.0,76750000.0
KEN,2018,4339.0005254563675,51392570,37.98077,0,1.0,78830000.0
FJI,1990,8451.426334942864,728575,,0,0.0,1820000.0
FJI,1991,8146.942564328693,735398,,0,0.0,1830000.0
FJI,1992,76323.30475328237,744470,,0,0.0,1880000.0
FJI,1993,8599.255798629836,754962,,0,0.0,1940000.0
FJI,1994,8912.155988644929,765607,,0,0.0,1990000.0
FJI,1995,9019.263085064127,775428,,0,0.0,2049999.99999999
FJI,1996,9344.204271245857,784389,61.80904,0,0.0,2110000.0
FJI,1997,9042.407923216922,792736,,0,0.0,2089999.99999999
FJI,1998,9075.1079419346,800148,59.0,0,0.0,2049999.99999999
FJI,1999,9798.357401869258,806302,,0,0.0,2040000.0
FJI,2000,9575.860126549715,811011,38.61386,0,0.0,2069999.99999999
FJI,2001,9732.432265007903,813923,,0,0.0,2340000.0
FJI,2002,10027.435288691328,815257,43.06931,0,0.0,2180000.0
FJI,2003,10117.52078318307,816078,51.48515,0,0.0,2290000.0
FJI,2004,10630.484366558518,817864,54.06699,0,0.0,2720000.0
FJI,2005,10656.142401858624,821606,52.15311,0,0.0,2520000.0
FJI,2006,10771.436405804276,827869,52.15311,0,0.0,2600000.0
FJI,2007,10573.596229742154,836185,32.53588,0,0.0,2500000.0
FJI,2008,10566.90540348287,845356,35.57692,0,0.0,2210000.0
FJI,2009,10319.369088351723,853636,26.54029,0,0.0,2180000.0
FJI,2010,10547.909785492944,859816,23.22275,0,0.0,2370000.0
FJI,2011,10787.639481663538,863451,23.47418,0,0.0,2370000.0
FJI,2012,10919.475832041602,865065,25.35211,0,0.0,2350000.0
FJI,2013,11429.332882625102,865602,22.53521,0,0.0,2510000.0
FJI,2014,12058.006235918734,866447,34.61538,0,0.0,2740000.0
FJI,2015,12569.064560002944,868632,40.38462,0,0.0,2370000.0
FJI,2016,12820.756991725464,872406,44.71154,0,0.0,2610000.0
FJI,2017,13429.300622238388,877460,44.71154,0,0.0,2730000.0
FJI,2018,13846.12065650147,883490,50.0,0,1.0,2820000.0
